iso_week,week_start,week_end,sales,inventory,eom_intensity,gasregw,umcsent,search,display,social,pmax,fp_emails_sent,ott_cable,broadcast_audio,print,youtube,facebook_reels,facebook_add,direct_mail,broadcast_tv
32,8/5/2024,8/11/2024,13.0,246.1,0.0,$3.45,67.9,$747.08,$199.93,$418.86,0,0,$0.00,"$1,846.15",$0.00,$0.00,$0.00,$0.00,$0.00,$0.00
33,8/12/2024,8/18/2024,12.0,238.1,0.0,$3.41,67.9,$781.50,$146.50,$402.68,0,0,$0.00,"$1,846.15",$0.00,$0.00,$0.00,$0.00,$0.00,$0.00
34,8/19/2024,8/25/2024,12.0,236.7,0.0,$3.38,67.9,$932.17,$147.70,$351.18,0,0,$0.00,"$2,461.54",$750.00,$0.00,$0.00,$0.00,$0.00,$0.00
35,8/26/2024,9/1/2024,17.0,230.6,1.0357,$3.31,67.9,$896.03,$208.45,$497.15,0,0,$0.00,"$1,846.15",$0.00,$0.00,$0.00,$0.00,$0.00,$0.00
36,9/2/2024,9/8/2024,11.0,222.3,0.0,$3.29,70.1,$799.23,$138.07,$419.77,0,0,$0.00,$0.00,$0.00,$0.00,$0.00,$0.00,$0.00,$0.00
37,9/9/2024,9/15/2024,18.0,212.4,0.0,$3.24,70.1,$315.10,$191.70,$613.02,0,0,$0.00,"$2,916.67",$0.00,$0.00,$0.00,$0.00,$0.00,$0.00
38,9/16/2024,9/22/2024,15.0,204.3,0.0,$3.18,70.1,$557.44,$162.34,$829.88,0,0,$0.00,"$2,333.33",$0.00,$0.00,$0.00,$0.00,"$5,400.00",$0.00
39,9/23/2024,9/29/2024,16.0,200.4,0.6429,$3.19,70.1,$854.98,$230.89,$785,0,0,$0.00,"$1,750.00",$750.00,$0.00,$0.00,$0.00,$0.00,$0.00
40,9/30/2024,10/6/2024,11.0,192.3,0.2857,$3.18,70.1,$595.86,$125.35,$625.99,0,0,$0.00,$0.00,$0.00,$0.00,$0.00,$0.00,$0.00,$0.00
41,10/7/2024,10/13/2024,18.0,189.7,0.0,$3.14,70.5,$866.03,$21.82,$503.03,0,"26,857",$0.00,$0.00,$203.33,$0.00,$0.00,$0.00,"$9,575.00",$0.00
42,10/14/2024,10/20/2024,24.0,174.6,0.0,$3.17,70.5,$925.60,$153.01,$402.70,$0.00,"52,403",$0.00,$0.00,$406.67,$0.00,$0.00,$0.00,$0.00,$0.00
43,10/21/2024,10/27/2024,13.0,163.3,0.3571,$3.14,70.5,$639.60,$263.38,$547.65,$0.00,"36,226",$0.00,$0.00,"$1,156.67",$0.00,$0.00,$0.00,$0.00,$0.00
44,10/28/2024,11/3/2024,17.0,183.4,0.75,$3.10,70.5,$894.33,$271.92,$537.95,0,"22,587",$0.00,$0.00,$203.33,$0.00,$0.00,$0.00,$0.00,$0.00
45,11/4/2024,11/10/2024,12.0,182.0,0.0,$3.07,71.8,$771.75,$67.14,$570.97,0,"17,418",$0.00,$0.00,$0.00,$0.00,$0.00,$0.00,$0.00,$0.00
46,11/11/2024,11/17/2024,16.0,179.4,0.0,$3.05,71.8,$898.33,0,$515.40,0,"23,854","$1,142.86",$0.00,$0.00,$0.00,$0.00,$0.00,"$8,000.00",$0.00
47,11/18/2024,11/24/2024,10.0,181.1,0.0,$3.05,71.8,"$1,225.08",0,$231.75,0,"11,570","$1,428.57",$0.00,$0.00,$0.00,$0.00,$0.00,$0.00,$0.00
48,11/25/2024,12/1/2024,12.0,200.3,1.0357,$3.04,71.8,"$1,045.59",0,$555.43,0,"20,885","$1,428.57",$0.00,$750.00,$0.00,$0.00,$0.00,$0.00,$0.00
49,12/2/2024,12/8/2024,5.0,201.9,0.0,$3.03,74.0,$844.51,$0,$469,0,"16,911",$0.00,$0.00,$0.00,$0.00,$0.00,$0.00,$0.00,$0.00
50,12/9/2024,12/15/2024,10.0,201.4,0.0,$3.01,74.0,$711.11,0,$631.32,0,"25,666",$0.00,$0.00,$0.00,$0.00,$0.00,$0.00,$0.00,$0.00
51,12/16/2024,12/22/2024,12.0,198.6,0.0,$3.02,74.0,"$1,053.18",0,$314.19,0,"26,628",$0.00,$0.00,$0.00,$0.00,$0.00,$0.00,"$7,538.00",$0.00
52,12/23/2024,12/29/2024,18.0,193.4,0.6429,$3.02,74.0,"$1,195.85",0,$468.37,0,"19,824",$0.00,$0.00,$750.00,$0.00,$0.00,$0.00,$0.00,$0.00
1,12/30/2024,1/5/2025,18.0,184.4,0.4643,$3.01,74.0,$926.75,0,$414.80,0,"19,129",$0.00,$0.00,$0.00,$0.00,$0.00,$0.00,$0.00,$0.00
2,1/6/2025,1/12/2025,13.0,178.4,0.0,$3.05,71.7,$946.87,$0.00,$540.39,0,"14,828",$340.91,$0.00,$0.00,$0.00,$0.00,$0.00,$0.00,$0.00
3,1/13/2025,1/19/2025,12.0,175.9,0.0,$3.04,71.7,$737.12,0,$353.48,0,"22,302",$795.45,$0.00,$750.00,$368.42,$368.42,$0.00,$0.00,$0.00
4,1/20/2025,1/26/2025,17.0,168.0,0.2143,$3.11,71.7,$573.62,0,$66.74,0,"17,975",$795.45,$0.00,$0.00,$368.42,$368.42,$0.00,$0.00,$0.00
5,1/27/2025,2/2/2025,15.0,159.3,0.8929,$3.10,71.7,$645.91,0,$80.84,0,"19,093",$568.18,$0.00,$0.00,$263.16,$263.16,$0.00,$0.00,$0.00
6,2/3/2025,2/9/2025,10.0,152.3,0.0,$3.08,64.7,$631.42,0,$178.52,0,"22,040",$0.00,$0.00,$0.00,$0.00,$0.00,$0.00,$0.00,$0.00
7,2/10/2025,2/16/2025,16.0,147.1,0.0,$3.13,64.7,$538.40,0,$94.26,0,"21,167",$736.84,$0.00,$0.00,$220.59,$220.59,$0.00,"$3,000.00",$0.00
8,2/17/2025,2/23/2025,17.0,137.1,0.0,$3.15,64.7,$669.14,0,$81.91,0,"23,569",$736.84,$0.00,$750.00,$308.82,$308.82,$0.00,"$7,000.00",$0.00
9,2/24/2025,3/2/2025,20.0,128.7,0.7143,$3.13,64.7,$645.47,0,$75.61,0,"25,434",$526.32,$0.00,$0.00,$220.59,$220.59,$0.00,$0.00,$0.00
10,3/3/2025,3/9/2025,13.0,123.7,0.0,$3.08,57.0,$523.04,$0.00,$80.37,$0.00,"17,275",$0.00,$0.00,$0.00,$0.00,$0.00,$0.00,$0.00,$0.00
11,3/10/2025,3/16/2025,22.0,126.3,0.0,$3.07,57.0,$534.32,$0.00,$128.78,$0.00,"16,564",$636.36,$0.00,$0.00,$250.00,$250.00,$0.00,"$11,000.00",$0.00
12,3/17/2025,3/23/2025,15.0,121.6,0.0,$3.06,57.0,$628.97,$0.00,$50.72,$0.00,"21,357",$636.36,$0.00,$750.00,$350.00,$350.00,$0.00,$0.00,$0.00
13,3/24/2025,3/30/2025,18.0,143.9,0.7857,$3.12,57.0,$728.75,$0.00,$27.86,$0.00,"25,551",$636.36,$0.00,$0.00,$350.00,$350.00,$0.00,$0.00,$0.00
14,3/31/2025,4/6/2025,14.0,152.3,0.2857,$3.16,57.0,$603.56,$0.00,$55.84,$0.00,"17,433",$90.91,$0.00,$0.00,$50.00,$50.00,$0.00,$0.00,$0.00
15,4/7/2025,4/13/2025,14.0,176.0,0.0,$3.24,52.2,$571.21,$0.00,$36.88,$0.00,"17,916",$571.43,$0.00,$0.00,$0.00,$0.00,$0.00,$0.00,$0.00
16,4/14/2025,4/20/2025,20.0,191.3,0.0,$3.17,52.2,$561.06,$0.00,$67.71,$0.00,"24,563","$1,000.00",$0.00,$0.00,$333.33,$333.33,$0.00,$0.00,$0.00
17,4/21/2025,4/27/2025,15.0,194.6,0.3571,$3.14,52.2,$737.45,$0.00,$45.47,$0.00,"23,406","$1,000.00",$0.00,$750.00,$466.67,$466.67,$0.00,$0.00,$0.00
18,4/28/2025,5/4/2025,18.0,201.3,0.6071,$3.13,52.2,$587.82,$0.00,$110.91,$0.00,"18,435",$428.57,$0.00,$0.00,$200.00,$200.00,$0.00,$0.00,$0.00
19,5/5/2025,5/11/2025,10.0,204.1,0.0,$3.15,52.2,$469.24,$0.00,$138.80,$0.00,"25,176","$1,043.48",$0.00,$0.00,$0.00,$0.00,$0.00,$0.00,$0.00
20,5/12/2025,5/18/2025,21.0,206.6,0.0,$3.12,52.2,$551.61,$0.00,$118.11,$0.00,"20,734","$2,434.78",$0.00,$0.00,$277.78,$350.00,$0.00,"$5,100.00",$0.00
21,5/19/2025,5/25/2025,22.0,201.4,0.0,$3.17,52.2,$605.26,$0.00,$132.73,$0.00,"19,404","$2,434.78",$0.00,$750.00,$388.89,$350.00,$0.00,$0.00,$0.00
22,5/26/2025,6/1/2025,18.0,202.7,1.0357,$3.16,52.2,$526.29,$0.00,$234.47,$0.00,"19,241","$2,086.96",$0.00,$0.00,$333.33,$300.00,$0.00,$0.00,$0.00
23,6/2/2025,6/8/2025,12.0,200.9,0.0,$3.13,60.7,$519.41,$0.00,$198.10,$0.00,"17,905",$0.00,$0.00,$0.00,$0.00,$0.00,$0.00,$0.00,$0.00
24,6/9/2025,6/15/2025,10.0,201.9,0.0,$3.11,60.7,$514.47,$0.00,$176.46,$0.00,"22,375","$1,473.68",$0.00,$0.00,$0.00,$0.00,$0.00,$0.00,$0.00
25,6/16/2025,6/22/2025,11.0,201.4,0.0,$3.14,60.7,$487.02,$0.00,$186.80,$0.00,"19,279","$2,578.95",$0.00,$750.00,$700.00,$700.00,$0.00,"$4,470.00",$0.00
26,6/23/2025,6/29/2025,17.0,203.4,0.6429,$3.21,60.7,$529.10,$0.00,$185.31,$0.00,"17,719","$2,578.95",$0.00,$0.00,$700.00,$700.00,$0.00,$0.00,$0.00
27,6/30/2025,7/6/2025,10.0,197.0,0.2857,$3.16,60.7,$473.93,$0.00,$184.54,$0.00,"13,773",$368.42,$0.00,$0.00,$100.00,$100.00,$0.00,$0.00,$0.00
28,7/7/2025,7/13/2025,19.0,198.1,0.0,$3.13,61.7,$517.78,$0.00,$176.15,$0.00,"22,412","$1,142.86",$0.00,$0.00,$0.00,$0.00,$0.00,$0.00,$0.00
29,7/14/2025,7/20/2025,9.0,199.0,0.0,$3.13,61.7,$500.73,$0.00,$163.92,$0.00,"13,365","$2,666.67",$0.00,$0.00,$777.78,$777.78,$0.00,"$4,670.00",$0.00
30,7/21/2025,7/27/2025,21.0,189.6,0.3571,$3.12,61.7,$522.04,$0.00,$133.93,$0.00,"18,424","$2,666.67",$0.00,$750.00,$777.78,$777.78,$0.00,$0.00,$0.00
31,7/28/2025,8/3/2025,18.0,184.0,0.75,$3.12,61.7,$526.57,$0.00,$142.14,$0.00,"17,372","$1,523.81",$0.00,$0.00,$444.44,$444.44,$0.00,$0.00,$0.00
32,8/4/2025,8/10/2025,9.0,176.7,0.0,$3.14,58.2,$508.58,$0.00,$135.68,$0.00,"20,137",$0.00,$0.00,$0.00,$0.00,$0.00,$0.00,$0.00,$0.00
33,8/11/2025,8/17/2025,13.0,169.6,0.0,$3.12,58.2,$515.73,$0.00,$146.25,$0.00,"15,833","$1,500.00",$0.00,$0.00,$500.00,$500.00,$0.00,"$6,300.00",$0.00
34,8/18/2025,8/24/2025,13.0,162.3,0.0,$3.13,58.2,$558.72,$0.00,$157.41,$0.00,"13,980","$1,750.00",$0.00,$750.00,$500.00,$500.00,$0.00,$0.00,$0.00
35,8/25/2025,8/31/2025,11.0,158.1,0.9643,$3.15,58.2,$558.07,$0.00,$160.55,$0.00,"14,257","$1,750.00",$0.00,$0.00,$500.00,$500.00,$0.00,$0.00,$0.00
36,9/1/2025,9/7/2025,10.0,154.4,0.0,$3.18,55.1,$591.62,$0.00,$126.95,$0.00,"14,492",$0.00,$0.00,$0.00,$0.00,$0.00,$0.00,$0.00,$0.00
37,9/8/2025,9/14/2025,16.0,151.0,0.0,$3.19,55.1,$653.99,$0.00,$117.62,$0.00,"21,398",$500.00,$0.00,$0.00,$0.00,$0.00,$0.00,$0.00,$0.00
38,9/15/2025,9/21/2025,21.0,141.0,0.0,$3.17,55.1,"$1,296.89",$0.00,$136.11,$0.00,"14,746",$875.00,$0.00,$750.00,$0.00,$0.00,$0.00,"$6,800.00",$0.00
39,9/22/2025,9/28/2025,19.0,135.1,0.5,$3.17,55.1,"$1,383.76",$0.00,$127.66,$0.00,"14,396",$875.00,$0.00,$0.00,$0.00,$0.00,$0.00,$0.00,$0.00
40,9/29/2025,10/5/2025,13.0,139.7,0.4643,$3.12,55.1,"$1,197.65",$0.00,$81.20,$0.00,"14,750",$250.00,$0.00,$0.00,$0.00,$0.00,$0.00,$0.00,$0.00
41,10/6/2025,10/12/2025,11.0,156.7,0.0,$3.12,53.6,"$1,042.69",$0.00,$70.50,$0.00,"25,225",$0.00,$0.00,$0.00,$0.00,$0.00,$0.00,$0.00,$800.00
42,10/13/2025,10/19/2025,16.0,160.9,0.0,$3.06,53.6,$983.71,$0.00,$64.71,$0.00,"29,736",$0.00,$0.00,$0.00,$0.00,$0.00,$0.00,"$3,575.00","$4,200.00"
43,10/20/2025,10/26/2025,10.0,162.1,0.2143,$3.02,53.6,$969.50,$0.00,$68.71,$0.00,"34,748",$0.00,$0.00,$750.00,$0.00,$0.00,$0.00,$0.00,"$3,360.00"
44,10/27/2025,11/2/2025,16.0,166.0,0.8929,$3.04,53.6,"$1,127.11",$0.00,$83.75,$0.00,"29,165",$0.00,$0.00,$0.00,$66.67,$66.67,$0.00,$0.00,$640.00
45,11/3/2025,11/9/2025,8.0,170.9,0.0,$3.02,51.0,"$1,227.36",$0.00,$181.35,$0.00,"29,288",$0.00,$0.00,$0.00,$233.33,$233.33,$0.00,$0.00,$722.89
46,11/10/2025,11/16/2025,15.0,178.7,0.0,$3.06,51.0,"$1,135.60",$0.00,$145.89,$0.00,"26,298",$0.00,$0.00,$0.00,$233.33,$233.33,$0.00,$0.00,"$10,295.18"
47,11/17/2025,11/23/2025,11.0,175.4,0.0,$3.06,51.0,"$1,281.81",$0.00,$153.04,$0.00,"22,382",$0.00,$0.00,$750.00,$233.33,$233.33,$0.00,"$3,000.00","$3,036.14"
48,11/24/2025,11/30/2025,13.0,176.4,0.7857,$3.06,51.0,"$1,225.60",$0.00,$141.63,$0.00,"18,785",$0.00,$0.00,$0.00,$233.33,$233.33,$0.00,$0.00,"$1,445.78"
49,12/1/2025,12/7/2025,9.0,176.4,0.0,$2.99,52.9,"$1,060.05",$0.00,$188.66,$0.00,"18,913",$0.00,$0.00,$0.00,$0.00,$0.00,$0.00,$0.00,$0.00
50,12/8/2025,12/14/2025,10.0,171.4,0.0,$2.94,52.9,"$1,094.07",$0.00,$204.35,$0.00,"16,770",$0.00,$0.00,$0.00,$0.00,$0.00,$0.00,$0.00,"$1,731.45"
51,12/15/2025,12/21/2025,7.0,171.0,0.0,$2.90,52.9,"$1,162.70",$0.00,$180.50,$0.00,"30,698",$0.00,$0.00,$750.00,$0.00,$0.00,$0.00,"$7,000.00","$2,597.17"
52,12/22/2025,12/28/2025,16.0,167.4,0.5,$2.84,52.9,"$1,243.46",$0.00,$165.77,$0.00,"21,496",$0.00,$0.00,$0.00,$0.00,$0.00,$0.00,$0.00,"$2,077.74"
1,12/29/2025,1/4/2026,14.0,161.0,0.6071,$2.81,52.9,"$1,175.46",$0.00,$164.39,$0.00,"16,303",$0.00,$0.00,$0.00,$0.00,$0.00,$0.00,$0.00,$593.64
2,1/5/2026,1/11/2026,14.0,171.9,0.0,$2.80,56.4,"$1,189.72",$0.00,$191.59,$0.00,"15,000",$0.00,$0.00,$0.00,$0.00,$0.00,$0.00,$0.00,$0.00
3,1/12/2026,1/18/2026,10.0,182.0,0.0,$2.78,56.4,"$1,216.80",$0.00,$196.89,$0.00,"16,132","$1,000.07",$0.00,$750.00,$0.00,$588.24,$0.00,"$6,450.00",$0.00
4,1/19/2026,1/25/2026,18.0,193.1,0.0,$2.81,56.4,"$1,035.46",$0.00,$176.80,$0.00,"24,097","$1,750.11",$0.00,$0.00,$0.00,$823.53,$0.00,$0.00,$0.00
5,1/26/2026,2/1/2026,7.0,199.0,1.0357,$2.85,56.4,"$1,368.79",$0.00,$183.67,$0.00,"22,832","$1,250.08",$0.00,$0.00,$0.00,$588.24,$0.00,$0.00,$0.00
6,2/2/2026,2/8/2026,9.0,206.3,0.0,$2.87,56.6,"$1,211.96",$0.00,$229.96,$0.00,"17,421",$0.00,$0.00,$0.00,$0.00,$0.00,$0.00,$0.00,$0.00
7,2/9/2026,2/15/2026,11.0,207.9,0.0,$2.90,56.6,"$1,160.06",$0.00,$212.45,$74.72,"17,022",$923.14,$0.00,$0.00,$0.00,$588.24,$0.00,"$8,000.00",$0.00
8,2/16/2026,2/22/2026,17.0,210.4,0.0,$2.92,56.6,"$1,090.38",$0.00,$217.79,$144.59,"27,993","$2,153.99",$0.00,$750.00,$0.00,$823.53,$0.00,$0.00,$0.00
9,2/23/2026,3/1/2026,20.0,225.3,0.7143,$2.94,56.6,"$1,301.32",$0.00,$169.65,$184.04,"25,402",$923.14,$0.00,$0.00,$0.00,$588.24,$0.00,$0.00,$0.00
10,3/2/2026,3/8/2026,17.0,219.0,0.0,$3.02,53.3,$983.17,$0.00,$152.48,$116.94,"18,009",$0.00,$0.00,$0.00,$0.00,$0.00,$0.00,$0.00,$0.00
11,3/9/2026,3/15/2026,10.0,223.6,0.0,$3.50,53.3,$926.16,$0.00,$144.61,$132.55,"14,612","$1,176.55",$0.00,$0.00,$236.84,$357.14,$0.00,$0.00,$0.00
12,3/16/2026,3/22/2026,13.0,245.1,0.0,$3.72,53.3,$995.52,$0.00,$147.98,$124.59,"14,973","$2,058.97",$0.00,$750.00,$552.63,$500.00,$0.00,"$6,950.00",$0.00
13,3/23/2026,3/29/2026,19.0,250.7,0.6429,$3.96,53.3,"$1,034.22",$0.00,$121.48,$148.34,"11,365","$1,764.83",$0.00,$0.00,$552.63,$500.00,$0.00,$0.00,$0.00
14,3/30/2026,4/5/2026,13.0,261.7,0.4643,$3.99,53.3,"$1,143.47",$0.00,$161.94,$144.66,"11,070",$0.00,$0.00,$0.00,$157.89,$142.86,$0.00,$0.00,$0.00
15,4/6/2026,4/12/2026,10.0,262.3,0.0,$4.12,49.8,$971.36,$0.00,$151.28,$138.50,"14,292",$0.00,$0.00,$0.00,$0.00,$285.71,$0.00,$0.00,"$1,290.30"
16,4/13/2026,4/19/2026,18.0,259.9,0.0,$4.12,49.8,"$1,092.04",$0.00,$133.27,$124.18,"13,405",$0.00,$0.00,$0.00,$0.00,$666.67,$0.00,$0.00,"$3,181.55"
17,4/20/2026,4/26/2026,17.0,260.3,0.2143,$4.04,49.8,$993.13,$0.00,$140.22,$143.03,"12,767",$0.00,$0.00,$750.00,$0.00,$666.67,$0.00,$0.00,"$2,943.55"
18,4/27/2026,5/3/2026,16.0,263.9,0.75,$4.12,49.8,"$1,051.30",$0.00,$137.43,$307.34,"14,469",$0.00,$0.00,$0.00,$0.00,$380.95,$0.00,$0.00,"$1,451.80"
19,5/4/2026,5/10/2026,13.0,268.7,0.0,$4.45,44.8,$893.37,$0.00,$163.14,$125.57,"12,872",$0.00,$0.00,$0.00,$0.00,$187.50,$0.00,$0.00,$0.00
20,5/11/2026,5/17/2026,8.0,274.9,0.0,$4.50,44.8,"$1,044.37",$0.00,$137.45,$139.97,"15,352",$0.00,$0.00,$750.00,$0.00,$437.50,$0.00,"$6,500.00","$3,126.30"
21,5/18/2026,5/24/2026,22.0,274.1,0.0,$4.49,44.8,"$1,166.09",$0.00,$145.78,$146.76,"14,371",$0.00,$0.00,$0.00,$0.00,$437.50,$0.00,$0.00,"$4,395.35"
22,5/25/2026,5/31/2026,13.0,273.1,0.9643,$4.48,44.8,$952.49,$0.00,$134.52,$163.01,"15,041",$0.00,$0.00,$0.00,$0.00,$437.50,$0.00,$0.00,"$1,732.30"
23,6/1/2026,6/7/2026,7.0,274.0,0.0,$4.31,49.5,$978.82,$0.00,$175.48,$145.36,"15,255",$0.00,$0.00,$0.00,$0.00,$0.00,$0.00,$0.00,$0.00
24,6/8/2026,6/14/2026,16.0,281.4,0.0,$4.15,49.5,"$1,047.45",$0.00,$147.18,$143.79,"16,455",$0.00,$0.00,$0.00,$0.00,$0.00,$818.18,$0.00,$0.00
25,6/15/2026,6/21/2026,14.0,280.4,0.0,$4.05,49.5,"$1,004.50",$0.00,$148.59,$83.60,"16,686",$0.00,$0.00,$0.00,$0.00,$0.00,$954.55,"$7,000.00",$0.00
26,6/22/2026,6/28/2026,11.0,281.3,0.5,$3.91,49.5,"$1,185.83",$0.00,$139.30,$6.20,"18,567",$0.00,$0.00,$0.00,$0.00,$0.00,$954.55,$0.00,$0.00
27,6/29/2026,7/5/2026,9.0,289.9,0.4643,$3.83,49.5,"$1,030.23",$0.00,$124.07,$65.82,"16,539",$0.00,$0.00,$0.00,$0.00,$0.00,$272.73,$0.00,$0.00
28,7/6/2026,7/12/2026,20.0,287.6,0.0,$3.78,55.2,$907.09,$0.00,$130.71,$71.76,"17,064",$0.00,$0.00,$0.00,$0.00,$0.00,$0.00,$0.00,$0.00
29,7/13/2026,7/19/2026,11.0,284.6,0.0,$3.86,55.2,"$1,071.41",$0.00,$135.08,$71.43,"21,244",$0.00,$0.00,$0.00,$0.00,$0.00,"$1,555.56",$0.00,$0.00
30,7/20/2026,7/26/2026,12.0,290.9,0.2143,$4.00,55.2,"$1,197.23",$0.00,$145.17,$84.83,"22,019","$3,818.50",$0.00,$0.00,$0.00,$0.00,"$1,555.56",$0.00,$0.00
31,7/27/2026,8/2/2026,7.0,310.3,0.8929,$4.10,55.2,"$1,050.56",$0.00,$136.34,$84.23,"19,751","$2,182.00",$0.00,$0.00,$0.00,$0.00,$888.89,$0.00,$0.00
32,8/3/2026,8/9/2026,,335.9,0.0,$4.08,55.2,$973.05,$0.00,$136.99,$71.70,"19,149",$0.00,$0.00,$0.00,$0.00,$0.00,$0.00,$0.00,$0.00
33,8/10/2026,8/16/2026,,351.7,0.0,$4.01,55.2,"$1,119.87",$0.00,$113.92,$74.80,"20,530",$0.00,$0.00,$0.00,$0.00,$0.00,$368.42,"$5,700.00",$0.00
34,8/17/2026,8/23/2026,,355.1,0.0,$4.05,55.2,"$1,123.24",$0.00,$494.74,$234.07,"17,010",$0.00,$0.00,$0.00,$0.00,$0.00,$368.42,$0.00,$0.00
35,8/24/2026,8/30/2026,,346.0,0.8571,$4.09,55.2,"$1,122.20",$0.00,$706.16,$560.97,"20,132",$0.00,$0.00,$0.00,$0.00,$0.00,$263.16,$0.00,$0.00
