iso_week,week_start,week_end,sales,inventory,eom_intensity,gasregw,umcsent,search,display,social,pmax,fp_emails_sent,TV_WTAE,TV_WPXI,TV_WPGH,TV_KDKA,ott_cable,broadcast_audio,facebook_reels,facebook_add,youtube,print,direct_mail,broadcast_tv
32,2024-08-05,8/11/2024,7,149.86,0.0,3.45,67.9,567.69,46.45,335.22,0.0,0.0,$0.00,$0.00,$0.00,$0.00,0.0,1625.0,0.0,0.0,0.0,0.0,0.0,0.0
33,2024-08-12,8/18/2024,5,149.43,0.0,3.41,67.9,574.29,119.86,332.97,0.0,0.0,$0.00,$0.00,$0.00,$0.00,0.0,2708.33,0.0,0.0,0.0,0.0,0.0,0.0
34,2024-08-19,8/25/2024,4,153.86,0.0,3.38,67.9,599.49,21.39,400.27,0.0,0.0,$0.00,$0.00,$0.00,$0.00,0.0,2166.67,0.0,0.0,0.0,750.0,0.0,0.0
35,2024-08-26,9/1/2024,5,152.71,1.0357,3.31,67.9,794.58,17.13,394.26,0.0,0.0,$0.00,$0.00,$0.00,$0.00,0.0,0.0,0.0,0.0,0.0,0.0,0.0,0.0
36,2024-09-02,9/8/2024,4,148.57,0.0,3.29,70.1,628.37,26.84,340.2,0.0,0.0,$0.00,$0.00,$0.00,$0.00,0.0,0.0,0.0,0.0,0.0,0.0,0.0,0.0
37,2024-09-09,9/15/2024,4,146.29,0.0,3.24,70.1,630.6,63.31,441.24,0.0,0.0,$0.00,$0.00,$0.00,$0.00,0.0,2291.67,0.0,0.0,0.0,0.0,0.0,0.0
38,2024-09-16,9/22/2024,5,139.71,0.0,3.18,70.1,748.26,202.02,414.05,0.0,0.0,$0.00,$0.00,$0.00,$0.00,0.0,1833.33,0.0,0.0,0.0,750.0,3240.0,0.0
39,2024-09-23,9/29/2024,10,134.29,0.6429,3.19,70.1,886.21,249.63,366.0,0.0,0.0,$0.00,$0.00,$0.00,$0.00,0.0,1375.0,0.0,0.0,0.0,0.0,0.0,0.0
40,2024-09-30,10/6/2024,4,130.43,0.2857,3.18,70.1,561.33,170.04,361.91,0.0,0.0,$0.00,$0.00,$0.00,$0.00,0.0,0.0,0.0,0.0,0.0,0.0,0.0,0.0
41,2024-10-07,10/13/2024,9,125.86,0.0,3.14,70.5,693.32,180.21,321.0,0.0,0.0,$0.00,$0.00,$0.00,$0.00,0.0,0.0,0.0,0.0,0.0,610.0,3125.0,0.0
42,2024-10-14,10/20/2024,8,118.0,0.0,3.17,70.5,739.52,201.55,288.3,0.0,0.0,$0.00,$0.00,$0.00,$0.00,0.0,0.0,0.0,0.0,0.0,1055.0,4000.0,0.0
43,2024-10-21,10/27/2024,4,112.0,0.3571,3.14,70.5,834.91,179.91,318.75,0.0,0.0,$0.00,$0.00,$0.00,$0.00,0.0,0.0,0.0,0.0,0.0,305.0,0.0,0.0
44,2024-10-28,11/3/2024,5,111.14,0.75,3.1,70.5,800.94,211.45,315.79,0.0,0.0,$0.00,$0.00,$0.00,$0.00,0.0,0.0,0.0,0.0,0.0,0.0,0.0,0.0
45,2024-11-04,11/10/2024,3,110.86,0.0,3.07,71.8,719.52,31.94,396.06,0.0,0.0,$0.00,$0.00,$0.00,$0.00,0.0,0.0,0.0,0.0,0.0,0.0,0.0,0.0
46,2024-11-11,11/17/2024,4,107.29,0.0,3.05,71.8,865.03,0.0,303.81,0.0,0.0,$0.00,$0.00,$0.00,$0.00,1250.0,0.0,0.0,0.0,0.0,0.0,8000.0,0.0
47,2024-11-18,11/24/2024,5,102.71,0.0,3.05,71.8,943.94,0.0,438.62,0.0,0.0,$0.00,$0.00,$0.00,$0.00,1750.0,0.0,0.0,0.0,0.0,750.0,0.0,0.0
48,2024-11-25,12/1/2024,4,98.86,1.0357,3.04,71.8,779.66,0.0,524.83,0.0,0.0,$0.00,$0.00,$0.00,$0.00,1250.0,0.0,0.0,0.0,0.0,0.0,0.0,0.0
49,2024-12-02,12/8/2024,6,96.29,0.0,3.03,74.0,611.79,0.0,567.0,0.0,0.0,$0.00,$0.00,$0.00,$0.00,0.0,0.0,0.0,0.0,0.0,0.0,0.0,0.0
50,2024-12-09,12/15/2024,10,91.0,0.0,3.01,74.0,886.88,0.0,327.91,0.0,0.0,$0.00,$0.00,$0.00,$0.00,0.0,0.0,0.0,0.0,0.0,0.0,0.0,0.0
51,2024-12-16,12/22/2024,6,87.57,0.0,3.02,74.0,784.39,0.0,332.47,0.0,0.0,$0.00,$0.00,$0.00,$0.00,0.0,0.0,0.0,0.0,0.0,0.0,3715.0,0.0
52,2024-12-23,12/29/2024,6,83.71,0.6429,3.02,74.0,1018.96,0.0,395.43,0.0,0.0,$0.00,$0.00,$0.00,$0.00,0.0,0.0,0.0,0.0,0.0,750.0,0.0,0.0
1,2024-12-30,1/5/2025,7,81.57,0.4643,3.01,74.0,695.61,0.0,509.07,0.0,0.0,$0.00,$0.00,$0.00,$0.00,0.0,0.0,0.0,0.0,0.0,0.0,0.0,0.0
2,2025-01-06,1/12/2025,6,78.57,0.0,3.05,71.7,692.5,0.0,586.06,0.0,0.0,$750.00,$0.00,$0.00,$0.00,281.25,0.0,0.0,0.0,0.0,0.0,0.0,0.0
3,2025-01-13,1/19/2025,3,77.29,0.0,3.04,71.7,430.73,0.0,306.16,0.0,0.0,"$1,750.00",$0.00,$0.00,$0.00,656.25,0.0,188.46,0.0,188.46,0.0,0.0,0.0
4,2025-01-20,1/26/2025,3,77.57,0.2143,3.11,71.7,80.54,0.0,20.62,0.0,0.0,"$1,500.00",$0.00,$0.00,$0.00,562.5,0.0,161.54,0.0,161.54,0.0,0.0,0.0
5,2025-01-27,2/2/2025,6,76.29,0.8929,3.1,71.7,165.79,0.0,85.94,0.0,0.0,$0.00,$0.00,$0.00,$0.00,0.0,0.0,0.0,0.0,0.0,750.0,0.0,0.0
6,2025-02-03,2/9/2025,7,74.71,0.0,3.08,64.7,426.37,0.0,267.47,0.0,0.0,$0.00,$0.00,$0.00,$0.00,0.0,0.0,0.0,0.0,0.0,0.0,0.0,0.0
7,2025-02-10,2/16/2025,12,66.0,0.0,3.13,64.7,527.34,0.0,219.84,0.0,0.0,"$1,473.68",$0.00,$0.00,$0.00,0.0,0.0,0.0,0.0,0.0,0.0,2000.0,0.0
8,2025-02-17,2/23/2025,2,65.57,0.0,3.15,64.7,296.22,0.0,496.35,0.0,0.0,"$1,473.68",$0.00,$0.00,$0.00,0.0,0.0,0.0,0.0,0.0,0.0,7000.0,0.0
9,2025-02-24,3/2/2025,14,65.29,0.7143,3.13,64.7,479.72,0.0,231.51,0.0,0.0,"$1,052.63",$0.00,$0.00,$0.00,0.0,0.0,0.0,0.0,0.0,750.0,0.0,0.0
10,2025-03-03,3/9/2025,5,68.0,0.0,3.08,57.0,406.73,0.0,208.8,0.0,0.0,$0.00,$0.00,$0.00,$0.00,0.0,0.0,0.0,0.0,0.0,0.0,0.0,0.0
11,2025-03-10,3/16/2025,4,70.71,0.0,3.07,57.0,495.2,0.0,182.71,0.0,0.0,"$1,272.73",$0.00,$0.00,$0.00,0.0,0.0,125.0,0.0,125.0,0.0,5000.0,0.0
12,2025-03-17,3/23/2025,13,72.0,0.0,3.06,57.0,471.74,0.0,203.9,0.0,0.0,"$1,272.73",$0.00,$0.00,$0.00,0.0,0.0,175.0,0.0,175.0,0.0,0.0,0.0
13,2025-03-24,3/30/2025,4,68.57,0.7857,3.12,57.0,602.06,0.0,122.59,0.0,0.0,"$1,272.73",$0.00,$0.00,$0.00,0.0,0.0,175.0,0.0,175.0,750.0,0.0,0.0
14,2025-03-31,4/6/2025,7,69.29,0.2857,3.16,57.0,409.98,0.0,250.24,0.0,0.0,$181.82,$0.00,$0.00,$0.00,0.0,0.0,25.0,0.0,25.0,0.0,0.0,0.0
15,2025-04-07,4/13/2025,5,70.43,0.0,3.24,52.2,381.17,0.0,229.39,0.0,0.0,$888.89,$0.00,$0.00,$0.00,0.0,0.0,0.0,0.0,0.0,0.0,0.0,0.0
16,2025-04-14,4/20/2025,7,69.43,0.0,3.17,52.2,500.15,0.0,192.89,0.0,0.0,"$1,555.56",$0.00,$0.00,$0.00,0.0,0.0,416.67,0.0,416.67,0.0,0.0,0.0
17,2025-04-21,4/27/2025,6,70.71,0.3571,3.14,52.2,471.73,0.0,268.78,0.0,0.0,"$1,555.56",$0.00,$0.00,$0.00,0.0,0.0,583.33,0.0,583.33,750.0,0.0,0.0
18,2025-04-28,5/4/2025,12,68.71,0.6071,3.13,52.2,382.4,0.0,341.02,0.0,0.0,$0.00,$0.00,$0.00,$0.00,0.0,0.0,0.0,0.0,0.0,0.0,0.0,0.0
19,2025-05-05,5/11/2025,2,63.86,0.0,3.15,52.2,242.14,0.0,371.29,0.0,0.0,$0.00,$0.00,$0.00,$0.00,0.0,0.0,0.0,0.0,0.0,0.0,0.0,0.0
20,2025-05-12,5/18/2025,8,57.14,0.0,3.12,52.2,307.1,0.0,337.18,0.0,0.0,$0.00,$0.00,$0.00,$0.00,0.0,0.0,777.78,0.0,777.78,0.0,3200.0,0.0
21,2025-05-19,5/25/2025,7,55.43,0.0,3.17,52.2,416.82,0.0,279.79,0.0,0.0,$0.00,$0.00,$0.00,$0.00,0.0,0.0,777.78,0.0,777.78,750.0,0.0,0.0
22,2025-05-26,6/1/2025,6,52.57,1.0357,3.16,52.2,457.13,0.0,304.54,0.0,0.0,$0.00,$0.00,$0.00,$0.00,0.0,0.0,444.44,0.0,444.44,0.0,0.0,0.0
23,2025-06-02,6/8/2025,7,51.71,0.0,3.13,60.7,461.53,0.0,238.07,0.0,0.0,$0.00,$0.00,$0.00,$0.00,0.0,0.0,0.0,0.0,0.0,0.0,0.0,0.0
24,2025-06-09,6/15/2025,6,56.0,0.0,3.11,60.7,603.52,0.0,145.03,0.0,0.0,$0.00,$0.00,$0.00,$0.00,842.11,0.0,0.0,0.0,0.0,0.0,0.0,0.0
25,2025-06-16,6/22/2025,8,57.0,0.0,3.14,60.7,444.89,0.0,224.91,0.0,0.0,$0.00,$0.00,$0.00,$0.00,1473.68,0.0,466.67,0.0,466.67,0.0,2980.0,0.0
26,2025-06-23,6/29/2025,10,58.57,0.6429,3.21,60.7,420.74,0.0,247.17,0.0,0.0,$0.00,$0.00,$0.00,$0.00,1473.68,0.0,466.67,0.0,466.67,750.0,0.0,0.0
27,2025-06-30,7/6/2025,11,54.0,0.2857,3.16,60.7,384.69,0.0,345.77,0.0,0.0,$0.00,$0.00,$0.00,$0.00,210.53,0.0,66.67,0.0,66.67,0.0,0.0,0.0
28,2025-07-07,7/13/2025,5,61.14,0.0,3.13,61.7,307.43,0.0,321.38,0.0,0.0,$0.00,$0.00,$0.00,$0.00,666.67,0.0,0.0,0.0,0.0,0.0,0.0,0.0
29,2025-07-14,7/20/2025,4,67.14,0.0,3.13,61.7,452.06,0.0,187.06,0.0,0.0,$0.00,$0.00,$0.00,$0.00,1555.56,0.0,466.67,0.0,466.67,0.0,3075.0,0.0
30,2025-07-21,7/27/2025,11,72.0,0.3571,3.12,61.7,462.04,0.0,201.7,0.0,0.0,$0.00,$0.00,$0.00,$0.00,1555.56,0.0,466.67,0.0,466.67,750.0,0.0,0.0
31,2025-07-28,8/3/2025,5,68.86,0.75,3.12,61.7,547.66,0.0,196.44,0.0,0.0,$0.00,$0.00,$0.00,$0.00,222.22,0.0,66.67,0.0,66.67,0.0,0.0,0.0
32,2025-08-04,8/10/2025,4,69.57,0.0,3.14,58.2,418.77,0.0,238.64,0.0,0.0,$0.00,$0.00,$0.00,$0.00,0.0,0.0,0.0,0.0,0.0,0.0,0.0,0.0
33,2025-08-11,8/17/2025,8,73.14,0.0,3.12,58.2,422.19,0.0,219.7,0.0,0.0,$0.00,$0.00,$0.00,$0.00,1058.82,0.0,388.89,0.0,388.89,0.0,3800.0,0.0
34,2025-08-18,8/24/2025,5,77.86,0.0,3.13,58.2,481.47,0.0,204.01,0.0,0.0,$0.00,$0.00,$0.00,$0.00,1235.29,0.0,388.89,0.0,388.89,750.0,0.0,0.0
35,2025-08-25,8/31/2025,6,78.57,0.9643,3.15,58.2,462.93,0.0,144.52,0.0,0.0,$0.00,$0.00,$0.00,$0.00,705.88,0.0,222.22,0.0,222.22,0.0,0.0,0.0
36,2025-09-01,9/7/2025,3,77.71,0.0,3.18,55.1,387.06,0.0,250.01,0.0,0.0,$0.00,$0.00,$0.00,$0.00,0.0,0.0,0.0,0.0,0.0,0.0,0.0,0.0
37,2025-09-08,9/14/2025,2,81.57,0.0,3.19,55.1,433.13,0.0,264.91,0.0,0.0,$0.00,$954.55,$0.00,$954.55,0.0,0.0,0.0,0.0,0.0,0.0,0.0,0.0
38,2025-09-15,9/21/2025,12,85.57,0.0,3.17,55.1,464.92,0.0,260.07,0.0,0.0,$0.00,"$1,113.64",$0.00,"$1,113.64",0.0,0.0,0.0,0.0,0.0,0.0,0.0,0.0
39,2025-09-22,9/28/2025,3,86.29,0.5,3.17,55.1,504.39,0.0,224.55,0.0,0.0,$0.00,"$1,113.64",$0.00,"$1,113.64",0.0,0.0,0.0,0.0,0.0,750.0,0.0,0.0
40,2025-09-29,10/5/2025,5,87.86,0.4643,3.12,55.1,416.92,0.0,237.66,0.0,0.0,$0.00,$318.18,$0.00,$318.18,0.0,0.0,0.0,0.0,0.0,0.0,0.0,0.0
41,2025-10-06,10/12/2025,5,98.43,0.0,3.12,53.6,395.39,0.0,199.03,0.0,0.0,$0.00,$714.29,$0.00,$714.29,0.0,0.0,0.0,0.0,0.0,0.0,0.0,0.0
42,2025-10-13,10/19/2025,6,106.14,0.0,3.06,53.6,529.75,0.0,112.79,0.0,0.0,$0.00,"$1,000.00",$0.00,"$1,000.00",0.0,0.0,0.0,0.0,0.0,0.0,0.0,0.0
43,2025-10-20,10/26/2025,10,104.0,0.2143,3.02,53.6,575.78,0.0,103.86,0.0,0.0,$0.00,"$1,000.00",$0.00,"$1,000.00",0.0,0.0,0.0,0.0,0.0,750.0,0.0,0.0
44,2025-10-27,11/2/2025,4,105.43,0.8929,3.04,53.6,665.42,0.0,81.5,0.0,0.0,$0.00,$285.71,$0.00,$285.71,0.0,0.0,0.0,0.0,0.0,0.0,0.0,0.0
45,2025-11-03,11/9/2025,5,107.0,0.0,3.02,51.0,791.65,0.0,125.31,0.0,0.0,$0.00,$409.09,$0.00,$409.09,0.0,0.0,0.0,0.0,0.0,0.0,0.0,0.0
46,2025-11-10,11/16/2025,6,112.0,0.0,3.06,51.0,810.98,0.0,109.49,0.0,0.0,$0.00,$954.55,$0.00,$954.55,0.0,0.0,0.0,0.0,0.0,0.0,0.0,0.0
47,2025-11-17,11/23/2025,6,112.86,0.0,3.06,51.0,722.09,0.0,132.74,0.0,0.0,$0.00,$954.55,$0.00,$954.55,0.0,0.0,0.0,0.0,0.0,0.0,3000.0,0.0
48,2025-11-24,11/30/2025,5,111.0,0.7857,3.06,51.0,816.92,0.0,110.38,0.0,0.0,$0.00,$681.82,$0.00,$681.82,0.0,0.0,0.0,0.0,0.0,750.0,0.0,0.0
49,2025-12-01,12/7/2025,2,113.14,0.0,2.99,52.9,646.17,0.0,149.29,0.0,0.0,$0.00,$0.00,$0.00,$0.00,0.0,0.0,0.0,0.0,0.0,0.0,0.0,0.0
50,2025-12-08,12/14/2025,4,114.14,0.0,2.94,52.9,703.51,0.0,164.0,0.0,0.0,$0.00,$729.17,$0.00,$729.17,0.0,0.0,0.0,0.0,0.0,0.0,0.0,0.0
51,2025-12-15,12/21/2025,6,110.0,0.0,2.9,52.9,719.48,0.0,134.13,0.0,0.0,$0.00,$729.17,$0.00,$729.17,0.0,0.0,0.0,0.0,0.0,0.0,7000.0,0.0
52,2025-12-22,12/28/2025,2,106.71,0.5,2.84,52.9,809.65,0.0,147.24,0.0,0.0,$0.00,$729.17,$0.00,$729.17,0.0,0.0,0.0,0.0,0.0,750.0,0.0,0.0
1,2025-12-29,1/4/2026,5,105.86,0.6071,2.81,52.9,678.18,0.0,161.11,0.0,0.0,$0.00,$312.50,$0.00,$312.50,0.0,0.0,0.0,0.0,0.0,0.0,0.0,0.0
2,2026-01-05,1/11/2026,4,105.14,0.0,2.8,56.4,757.01,0.0,148.67,0.0,0.0,$0.00,$0.00,$0.00,$0.00,0.0,0.0,0.0,0.0,0.0,0.0,0.0,0.0
3,2026-01-12,1/18/2026,8,104.86,0.0,2.78,56.4,760.8,0.0,138.02,0.0,0.0,$0.00,$0.00,$0.00,$0.00,0.0,0.0,441.18,0.0,0.0,0.0,3870.0,0.0
4,2026-01-19,1/25/2026,7,105.57,0.0,2.81,56.4,743.03,0.0,105.86,0.0,0.0,$0.00,$0.00,$0.00,$0.00,0.0,0.0,617.65,0.0,0.0,0.0,0.0,0.0
5,2026-01-26,2/1/2026,7,107.57,1.0357,2.85,56.4,778.91,0.0,134.89,0.0,0.0,$0.00,$0.00,$0.00,$0.00,0.0,0.0,441.18,0.0,0.0,0.0,0.0,0.0
6,2026-02-02,2/8/2026,6,101.71,0.0,2.87,56.6,814.23,0.0,149.77,0.0,0.0,$0.00,$0.00,$0.00,$0.00,0.0,0.0,0.0,0.0,0.0,0.0,0.0,0.0
7,2026-02-09,2/15/2026,7,99.14,0.0,2.9,56.6,714.24,0.0,134.2,61.63,0.0,$0.00,$0.00,$0.00,$0.00,1333.42,0.0,441.18,0.0,0.0,0.0,4000.0,0.0
8,2026-02-16,2/22/2026,6,94.71,0.0,2.92,56.6,918.86,0.0,95.51,120.35,0.0,$0.00,$0.00,$0.00,$0.00,1866.79,0.0,617.65,0.0,0.0,0.0,0.0,0.0
9,2026-02-23,3/1/2026,8,94.57,0.7143,2.94,56.6,1237.06,0.0,98.42,135.34,0.0,$0.00,$0.00,$0.00,$0.00,800.05,0.0,441.18,0.0,0.0,0.0,0.0,0.0
10,2026-03-02,3/8/2026,3,94.43,0.0,3.02,53.3,723.09,0.0,80.86,149.48,0.0,$0.00,$0.00,$0.00,$0.00,0.0,0.0,0.0,0.0,0.0,0.0,0.0,0.0
11,2026-03-09,3/15/2026,6,97.43,0.0,3.5,53.3,755.03,0.0,92.96,149.03,0.0,$0.00,$0.00,$0.00,$0.00,823.58,0.0,441.18,0.0,0.0,0.0,0.0,0.0
12,2026-03-16,3/22/2026,1,100.14,0.0,3.72,53.3,767.86,0.0,83.08,166.94,0.0,$0.00,$0.00,$0.00,$0.00,1441.27,0.0,617.65,0.0,0.0,0.0,5560.0,0.0
13,2026-03-23,3/29/2026,6,102.14,0.6429,3.96,53.3,736.47,0.0,73.34,184.6,0.0,$0.00,$0.00,$0.00,$0.00,1235.38,0.0,441.18,0.0,0.0,750.0,0.0,0.0
14,2026-03-30,4/5/2026,6,103.29,0.4643,3.99,53.3,743.31,0.0,82.68,171.41,0.0,$0.00,$0.00,$0.00,$0.00,0.0,0.0,0.0,0.0,0.0,0.0,0.0,0.0
15,2026-04-06,4/12/2026,4,107.86,0.0,4.12,49.8,750.7,0.0,81.84,157.33,0.0,$386.00,$310.10,$0.00,$0.00,0.0,0.0,214.29,0.0,0.0,0.0,0.0,0.0
16,2026-04-13,4/19/2026,9,107.86,0.0,4.12,49.8,829.21,0.0,79.76,161.68,0.0,"$1,351.00","$1,085.35",$0.00,$0.00,0.0,0.0,500.0,0.0,0.0,0.0,0.0,0.0
17,2026-04-20,4/26/2026,10,109.43,0.2143,4.04,49.8,808.18,0.0,85.13,185.02,0.0,"$1,351.00","$1,085.35",$0.00,$0.00,0.0,0.0,500.0,0.0,0.0,750.0,0.0,0.0
18,2026-04-27,5/3/2026,10,113.71,0.75,4.12,49.8,772.79,0.0,86.9,187.66,0.0,$772.00,$952.10,$0.00,$0.00,0.0,0.0,285.71,0.0,0.0,0.0,0.0,0.0
19,2026-05-04,5/10/2026,7,115.57,0.0,4.45,44.8,717.78,0.0,92.22,168.83,0.0,$0.00,$774.43,$0.00,$0.00,0.0,0.0,62.5,0.0,0.0,0.0,0.0,0.0
20,2026-05-11,5/17/2026,4,114.0,0.0,4.5,44.8,729.88,0.0,77.5,64.81,0.0,"$1,019.44",$774.43,$0.00,$0.00,0.0,0.0,145.83,0.0,0.0,0.0,3200.0,0.0
21,2026-05-18,5/24/2026,7,115.14,0.0,4.49,44.8,886.11,0.0,70.22,0.0,0.0,"$1,427.22",$774.43,$0.00,$0.00,0.0,0.0,145.83,0.0,0.0,750.0,0.0,0.0
22,2026-05-25,5/31/2026,6,114.57,0.9643,4.48,44.8,768.68,0.0,76.78,0.0,0.0,"$1,223.33",$663.80,$0.00,$0.00,0.0,0.0,145.83,0.0,0.0,0.0,0.0,0.0
23,2026-06-01,6/7/2026,2,114.86,0.0,4.31,49.5,727.78,0.0,52.5,0.0,0.0,$0.00,$0.00,$0.00,$0.00,0.0,0.0,0.0,0.0,0.0,0.0,0.0,0.0
24,2026-06-08,6/14/2026,4,120.86,0.0,4.15,49.5,683.18,0.0,68.8,0.0,0.0,$0.00,$0.00,$0.00,$0.00,0.0,0.0,0.0,818.18,0.0,0.0,0.0,0.0
25,2026-06-15,6/21/2026,4,120.57,0.0,4.05,49.5,804.26,0.0,87.3,0.0,0.0,$0.00,$0.00,$0.00,$0.00,0.0,0.0,0.0,954.55,0.0,0.0,7000.0,0.0
26,2026-06-22,6/28/2026,9,120.57,0.5,3.91,49.5,1107.08,0.0,105.94,0.0,0.0,$0.00,$0.00,$0.00,$0.00,0.0,0.0,0.0,954.55,0.0,0.0,0.0,0.0
27,2026-06-29,7/5/2026,6,115.14,0.4643,3.83,49.5,835.72,0.0,83.16,0.0,0.0,$0.00,$0.00,$0.00,$0.00,0.0,0.0,0.0,272.73,0.0,0.0,0.0,0.0
28,2026-07-06,7/12/2026,5,112.0,0.0,3.78,55.2,726.14,0.0,97.48,47.41,0.0,$0.00,$0.00,$0.00,$0.00,0.0,0.0,0.0,0.0,0.0,0.0,0.0,0.0
29,2026-07-13,7/19/2026,5,110.86,0.0,3.86,55.2,787.86,0.0,90.39,170.02,0.0,$0.00,$0.00,$0.00,$0.00,0.0,0.0,0.0,1473.68,0.0,0.0,0.0,0.0
30,2026-07-20,7/26/2026,3,109.0,0.2143,4.0,55.2,897.09,0.0,81.27,153.74,0.0,$0.00,$0.00,$0.00,$0.00,1909.25,0.0,0.0,1473.68,0.0,0.0,0.0,0.0
31,2026-07-27,8/2/2026,5,112.29,0.8929,4.1,55.2,803.3,0.0,69.28,153.8,0.0,$0.00,$0.00,$0.00,$0.00,1091.0,0.0,0.0,1052.63,0.0,0.0,0.0,0.0
